solution_id,rank_original,m_max,T_min,r_div2,t_rec_ini,MR,cost_specific,CO2_specific,norm_MR,norm_cost,norm_CO2,balance_score,is_min_MR,is_min_cost,is_min_CO2,is_balanced,delta_MR_vs_gasLP,delta_cost_vs_gasLP,delta_CO2_vs_gasLP,reduction_cost_pct_vs_gasLP,reduction_CO2_pct_vs_gasLP,reduction_MR_pct_vs_gasLP,acceptable_MR,operationally_admissible,inadmissible_reason,interpretation,interpretacion_tesis
H1,1,0.0726822699261451,58.0034421517418,0.884875225481251,12.7961015721701,0.231450368268308,0.258965462154857,0.855920497066311,1,0.0557831588489377,0,1.00155467190322,0,0,1,0,0.135441719095341,-0.118912122554914,-0.825109486289142,31.4684245286061,49.0835674829646,-141.072414060666,0,0,MR >= 0.1; insufficient drying for operational recommendation,"Minimum CO2 region; not recommended because MR is not admissible.","Región de menor CO2 específico; no recomendada porque no cumple el criterio MR < 0.1."
H2,2,0.0735504277344711,65.8788505884125,0.612049504156103,12.3850345493772,0.0473145515232986,0.279041996360831,1.18439146510064,0.146835108196185,0.207756899718328,0.37391905008851,0.452259808515692,0,0,0,1,-0.0486940976496689,-0.09883558834894,-0.496638518254815,26.1554514869811,29.5437037514043,50.7184488784364,1,1,,"Recommended compromise; admissible MR and simultaneous reductions in MR, cost and CO2 vs gasLP.","Solución recomendada; compromiso admisible con reducción simultánea de MR, costo específico y CO2 específico frente a gas LP."
H4,4,0.0726822699261451,58.0034421517418,0.634875225481251,12.4211015721701,0.195018144134389,0.251596212109808,0.873140516275265,0.83119691154692,0,0.0196026250467445,0.831428029761965,0,1,0,0,0.0990094949614209,-0.126281372599963,-0.807889467080188,33.4185931396151,48.0591943677045,-103.125599427034,0,0,MR >= 0.1; insufficient drying for operational recommendation,"Minimum cost region; not recommended because MR is not admissible.","Región de menor costo específico; no recomendada porque no cumple el criterio MR < 0.1."
H9,9,0.0905975987886284,67.6830623812589,0.476005840521166,13.2400124945484,0.0156236054537976,0.383701496161666,1.7343752534008,0,1,1,1.4142135623731,1,0,0,0,-0.08038504371917,0.00582391145189443,0.0533452700453489,-1.54121643821966,-3.17336814771549,83.7268771216119,1,1,,"Minimum MR region; admissible drying but worse cost and CO2 than gasLP.","Región de menor MR; admisible por secado, pero con mayor costo específico y mayor CO2 específico que gas LP."
